عنوان,قیمت,محله,تصویر,لینک,متراژ,تعداد اتاق,قیمت هر متر,ارزش خرید
خانه 70متر تک خواب راه جدا همکف پنجتن کمالی,630000000,در پنجتن,https://s100.divarcdn.com/static/photo/neda/webp_thumbnail/yBVhFabzPvAKlU6DTwa8pw/1dfac514-a83b-4b9f-85e8-377b5c842ba8.jpg.webp,https://divar.irhttps://divar.ir/v/%D8%AE%D8%A7%D9%86%D9%87-70%D9%85%D8%AA%D8%B1-%D8%AA%DA%A9-%D8%AE%D9%88%D8%A7%D8%A8-%D8%B1%D8%A7%D9%87-%D8%AC%D8%AF%D8%A7-%D9%87%D9%85%DA%A9%D9%81-%D9%BE%D9%86%D8%AC%D8%AA%D9%86-%DA%A9%D9%85%D8%A7%D9%84%DB%8C/AaEtuUx9,70.0,,9000000.0,0.8496503496503497
خانه 70متر تک خواب راه جدا همکف پنجتن کمالی,630000000,در پنجتن,https://s100.divarcdn.com/static/photo/neda/webp_thumbnail/yBVhFabzPvAKlU6DTwa8pw/1dfac514-a83b-4b9f-85e8-377b5c842ba8.jpg.webp,https://divar.irhttps://divar.ir/v/%D8%AE%D8%A7%D9%86%D9%87-70%D9%85%D8%AA%D8%B1-%D8%AA%DA%A9-%D8%AE%D9%88%D8%A7%D8%A8-%D8%B1%D8%A7%D9%87-%D8%AC%D8%AF%D8%A7-%D9%87%D9%85%DA%A9%D9%81-%D9%BE%D9%86%D8%AC%D8%AA%D9%86-%DA%A9%D9%85%D8%A7%D9%84%DB%8C/AaEtuUx9,70.0,,9000000.0,0.8496503496503497
خانه 70متر تک خواب راه جدا همکف پنجتن کمالی,630000000,در پنجتن,https://s100.divarcdn.com/static/photo/neda/webp_thumbnail/yBVhFabzPvAKlU6DTwa8pw/1dfac514-a83b-4b9f-85e8-377b5c842ba8.jpg.webp,https://divar.irhttps://divar.ir/v/%D8%AE%D8%A7%D9%86%D9%87-70%D9%85%D8%AA%D8%B1-%D8%AA%DA%A9-%D8%AE%D9%88%D8%A7%D8%A8-%D8%B1%D8%A7%D9%87-%D8%AC%D8%AF%D8%A7-%D9%87%D9%85%DA%A9%D9%81-%D9%BE%D9%86%D8%AC%D8%AA%D9%86-%DA%A9%D9%85%D8%A7%D9%84%DB%8C/AaEtuUx9,70.0,,9000000.0,0.8496503496503497
خانه 70متر تک خواب راه جدا همکف پنجتن کمالی,630000000,در پنجتن,https://s100.divarcdn.com/static/photo/neda/webp_thumbnail/yBVhFabzPvAKlU6DTwa8pw/1dfac514-a83b-4b9f-85e8-377b5c842ba8.jpg.webp,https://divar.irhttps://divar.ir/v/%D8%AE%D8%A7%D9%86%D9%87-70%D9%85%D8%AA%D8%B1-%D8%AA%DA%A9-%D8%AE%D9%88%D8%A7%D8%A8-%D8%B1%D8%A7%D9%87-%D8%AC%D8%AF%D8%A7-%D9%87%D9%85%DA%A9%D9%81-%D9%BE%D9%86%D8%AC%D8%AA%D9%86-%DA%A9%D9%85%D8%A7%D9%84%DB%8C/AaEtuUx9,70.0,,9000000.0,0.8496503496503497
خانه 70متر تک خواب راه جدا همکف پنجتن کمالی,630000000,در پنجتن,https://s100.divarcdn.com/static/photo/neda/webp_thumbnail/yBVhFabzPvAKlU6DTwa8pw/1dfac514-a83b-4b9f-85e8-377b5c842ba8.jpg.webp,https://divar.irhttps://divar.ir/v/%D8%AE%D8%A7%D9%86%D9%87-70%D9%85%D8%AA%D8%B1-%D8%AA%DA%A9-%D8%AE%D9%88%D8%A7%D8%A8-%D8%B1%D8%A7%D9%87-%D8%AC%D8%AF%D8%A7-%D9%87%D9%85%DA%A9%D9%81-%D9%BE%D9%86%D8%AC%D8%AA%D9%86-%DA%A9%D9%85%D8%A7%D9%84%DB%8C/AaEtuUx9,70.0,,9000000.0,0.8496503496503497
خانه 70متر تک خواب راه جدا همکف پنجتن کمالی,630000000,در پنجتن,https://s100.divarcdn.com/static/photo/neda/webp_thumbnail/yBVhFabzPvAKlU6DTwa8pw/1dfac514-a83b-4b9f-85e8-377b5c842ba8.jpg.webp,https://divar.irhttps://divar.ir/v/%D8%AE%D8%A7%D9%86%D9%87-70%D9%85%D8%AA%D8%B1-%D8%AA%DA%A9-%D8%AE%D9%88%D8%A7%D8%A8-%D8%B1%D8%A7%D9%87-%D8%AC%D8%AF%D8%A7-%D9%87%D9%85%DA%A9%D9%81-%D9%BE%D9%86%D8%AC%D8%AA%D9%86-%DA%A9%D9%85%D8%A7%D9%84%DB%8C/AaEtuUx9,70.0,,9000000.0,0.8496503496503497
خانه 70متر تک خواب راه جدا همکف پنجتن کمالی,630000000,در پنجتن,https://s100.divarcdn.com/static/photo/neda/webp_thumbnail/yBVhFabzPvAKlU6DTwa8pw/1dfac514-a83b-4b9f-85e8-377b5c842ba8.jpg.webp,https://divar.irhttps://divar.ir/v/%D8%AE%D8%A7%D9%86%D9%87-70%D9%85%D8%AA%D8%B1-%D8%AA%DA%A9-%D8%AE%D9%88%D8%A7%D8%A8-%D8%B1%D8%A7%D9%87-%D8%AC%D8%AF%D8%A7-%D9%87%D9%85%DA%A9%D9%81-%D9%BE%D9%86%D8%AC%D8%AA%D9%86-%DA%A9%D9%85%D8%A7%D9%84%DB%8C/AaEtuUx9,70.0,,9000000.0,0.8496503496503497
خانه 70متر تک خواب راه جدا همکف پنجتن کمالی,630000000,در پنجتن,https://s100.divarcdn.com/static/photo/neda/webp_thumbnail/yBVhFabzPvAKlU6DTwa8pw/1dfac514-a83b-4b9f-85e8-377b5c842ba8.jpg.webp,https://divar.irhttps://divar.ir/v/%D8%AE%D8%A7%D9%86%D9%87-70%D9%85%D8%AA%D8%B1-%D8%AA%DA%A9-%D8%AE%D9%88%D8%A7%D8%A8-%D8%B1%D8%A7%D9%87-%D8%AC%D8%AF%D8%A7-%D9%87%D9%85%DA%A9%D9%81-%D9%BE%D9%86%D8%AC%D8%AA%D9%86-%DA%A9%D9%85%D8%A7%D9%84%DB%8C/AaEtuUx9,70.0,,9000000.0,0.8496503496503497
۱۶۵متر تک‌واحدی/ خوش‌نقشه متریال قوی/ الهیه زیر‌فی,5800000000,املاک اورست املاک ممتاز در الهیه,https://postimage01.divarcdn.com/static/photo/neda/webp_thumbnail/o1EIsl_klJe7PBKU2m9yNw/1468fe00-d241-48c8-b342-a87b33962825.jpg.webp,https://divar.irhttps://divar.ir/v/%DB%B1%DB%B6%DB%B5%D9%85%D8%AA%D8%B1-%D8%AA%DA%A9-%D9%88%D8%A7%D8%AD%D8%AF%DB%8C-%D8%AE%D9%88%D8%B4-%D9%86%D9%82%D8%B4%D9%87-%D9%85%D8%AA%D8%B1%DB%8C%D8%A7%D9%84-%D9%82%D9%88%DB%8C-%D8%A7%D9%84%D9%87%DB%8C%D9%87-%D8%B2%DB%8C%D8%B1-%D9%81%DB%8C/AajJpqri,165.0,,35151515.15151515,0.8637757336837495
۱۶۵متر تک‌واحدی/ خوش‌نقشه متریال قوی/ الهیه زیر‌فی,5800000000,املاک اورست املاک ممتاز در الهیه,https://postimage01.divarcdn.com/static/photo/neda/webp_thumbnail/o1EIsl_klJe7PBKU2m9yNw/1468fe00-d241-48c8-b342-a87b33962825.jpg.webp,https://divar.irhttps://divar.ir/v/%DB%B1%DB%B6%DB%B5%D9%85%D8%AA%D8%B1-%D8%AA%DA%A9-%D9%88%D8%A7%D8%AD%D8%AF%DB%8C-%D8%AE%D9%88%D8%B4-%D9%86%D9%82%D8%B4%D9%87-%D9%85%D8%AA%D8%B1%DB%8C%D8%A7%D9%84-%D9%82%D9%88%DB%8C-%D8%A7%D9%84%D9%87%DB%8C%D9%87-%D8%B2%DB%8C%D8%B1-%D9%81%DB%8C/AajJpqri,165.0,,35151515.15151515,0.8637757336837495
۱۶۳ متری «بانو پسند»لاکچری لوکیشن بینظیر,6000000000,آژانس مسکن رویال VIP در الهیه,https://s100.divarcdn.com/static/photo/neda/webp_thumbnail/Rzbcp4SGRoPd5MSxxrJvHQ/33fe65ff-6828-4429-a54e-c5c05a07f745.jpg.webp,https://divar.irhttps://divar.ir/v/%DB%B1%DB%B6%DB%B3-%D9%85%D8%AA%D8%B1%DB%8C-%D8%A8%D8%A7%D9%86%D9%88-%D9%BE%D8%B3%D9%86%D8%AF-%D9%84%D8%A7%DA%A9%DA%86%D8%B1%DB%8C-%D9%84%D9%88%DA%A9%DB%8C%D8%B4%D9%86-%D8%A8%DB%8C%D9%86%D8%B8%DB%8C%D8%B1/Aaz9d5FE,163.0,,36809815.95092025,0.8762267805345901
۷۵متر / قلب شهرک غرب / نور خالص / ط اول,2277000000,آژانس عمارت /نبش فلاحی13/2 در فرهنگیان,https://s100.divarcdn.com/static/photo/neda/webp_thumbnail/LpKCrW4i-Oe5bW_wlR8AiQ/a1e1beae-5fc7-4c3a-87aa-90abfb34cca5.jpg.webp,https://divar.irhttps://divar.ir/v/%DB%B7%DB%B5%D9%85%D8%AA%D8%B1-%D9%82%D9%84%D8%A8-%D8%B4%D9%87%D8%B1%DA%A9-%D8%BA%D8%B1%D8%A8-%D9%86%D9%88%D8%B1-%D8%AE%D8%A7%D9%84%D8%B5-%D8%B7-%D8%A7%D9%88%D9%84/Aag5tIqX,75.0,,30360000.0,0.9125822193931677
۱۱۵متری خاص باقیمت منطقی مگه هست،آره هنوز پیدامیشه,4600000000,آژانس مسکن رویال VIP در الهیه,https://postimage01.divarcdn.com/static/photo/neda/webp_thumbnail/BySDrWb4ZKmnHzjiDZl74Q/4a675f0c-4434-49ec-ab0a-254daeb519e0.jpg.webp,https://divar.irhttps://divar.ir/v/%DB%B1%DB%B1%DB%B5%D9%85%D8%AA%D8%B1%DB%8C-%D8%AE%D8%A7%D8%B5-%D8%A8%D8%A7%D9%82%DB%8C%D9%85%D8%AA-%D9%85%D9%86%D8%B7%D9%82%DB%8C-%D9%85%DA%AF%D9%87-%D9%87%D8%B3%D8%AA-%D8%A2%D8%B1%D9%87-%D9%87%D9%86%D9%88%D8%B2-%D9%BE%DB%8C%D8%AF%D8%A7%D9%85%DB%8C%D8%B4%D9%87/Aai1mfC1,115.0,,40000000.0,0.952166434847588
۱۱۵متری خاص باقیمت منطقی مگه هست،آره هنوز پیدامیشه,4600000000,آژانس مسکن رویال VIP در الهیه,https://postimage01.divarcdn.com/static/photo/neda/webp_thumbnail/BySDrWb4ZKmnHzjiDZl74Q/4a675f0c-4434-49ec-ab0a-254daeb519e0.jpg.webp,https://divar.irhttps://divar.ir/v/%DB%B1%DB%B1%DB%B5%D9%85%D8%AA%D8%B1%DB%8C-%D8%AE%D8%A7%D8%B5-%D8%A8%D8%A7%D9%82%DB%8C%D9%85%D8%AA-%D9%85%D9%86%D8%B7%D9%82%DB%8C-%D9%85%DA%AF%D9%87-%D9%87%D8%B3%D8%AA-%D8%A2%D8%B1%D9%87-%D9%87%D9%86%D9%88%D8%B2-%D9%BE%DB%8C%D8%AF%D8%A7%D9%85%DB%8C%D8%B4%D9%87/Aai1mfC1,115.0,,40000000.0,0.952166434847588
۱۱۵متری خاص باقیمت منطقی مگه هست،آره هنوز پیدامیشه,4600000000,آژانس مسکن رویال VIP در الهیه,https://postimage01.divarcdn.com/static/photo/neda/webp_thumbnail/BySDrWb4ZKmnHzjiDZl74Q/4a675f0c-4434-49ec-ab0a-254daeb519e0.jpg.webp,https://divar.irhttps://divar.ir/v/%DB%B1%DB%B1%DB%B5%D9%85%D8%AA%D8%B1%DB%8C-%D8%AE%D8%A7%D8%B5-%D8%A8%D8%A7%D9%82%DB%8C%D9%85%D8%AA-%D9%85%D9%86%D8%B7%D9%82%DB%8C-%D9%85%DA%AF%D9%87-%D9%87%D8%B3%D8%AA-%D8%A2%D8%B1%D9%87-%D9%87%D9%86%D9%88%D8%B2-%D9%BE%DB%8C%D8%AF%D8%A7%D9%85%DB%8C%D8%B4%D9%87/Aai1mfC1,115.0,,40000000.0,0.952166434847588
۱۱۵متری خاص باقیمت منطقی مگه هست،آره هنوز پیدامیشه,4600000000,آژانس مسکن رویال VIP در الهیه,https://postimage01.divarcdn.com/static/photo/neda/webp_thumbnail/BySDrWb4ZKmnHzjiDZl74Q/4a675f0c-4434-49ec-ab0a-254daeb519e0.jpg.webp,https://divar.irhttps://divar.ir/v/%DB%B1%DB%B1%DB%B5%D9%85%D8%AA%D8%B1%DB%8C-%D8%AE%D8%A7%D8%B5-%D8%A8%D8%A7%D9%82%DB%8C%D9%85%D8%AA-%D9%85%D9%86%D8%B7%D9%82%DB%8C-%D9%85%DA%AF%D9%87-%D9%87%D8%B3%D8%AA-%D8%A2%D8%B1%D9%87-%D9%87%D9%86%D9%88%D8%B2-%D9%BE%DB%8C%D8%AF%D8%A7%D9%85%DB%8C%D8%B4%D9%87/Aai1mfC1,115.0,,40000000.0,0.952166434847588
۱۱۵متری خاص باقیمت منطقی مگه هست،آره هنوز پیدامیشه,4600000000,آژانس مسکن رویال VIP در الهیه,https://postimage01.divarcdn.com/static/photo/neda/webp_thumbnail/BySDrWb4ZKmnHzjiDZl74Q/4a675f0c-4434-49ec-ab0a-254daeb519e0.jpg.webp,https://divar.irhttps://divar.ir/v/%DB%B1%DB%B1%DB%B5%D9%85%D8%AA%D8%B1%DB%8C-%D8%AE%D8%A7%D8%B5-%D8%A8%D8%A7%D9%82%DB%8C%D9%85%D8%AA-%D9%85%D9%86%D8%B7%D9%82%DB%8C-%D9%85%DA%AF%D9%87-%D9%87%D8%B3%D8%AA-%D8%A2%D8%B1%D9%87-%D9%87%D9%86%D9%88%D8%B2-%D9%BE%DB%8C%D8%AF%D8%A7%D9%85%DB%8C%D8%B4%D9%87/Aai1mfC1,115.0,,40000000.0,0.952166434847588
۱۱۵متری خاص باقیمت منطقی مگه هست،آره هنوز پیدامیشه,4600000000,آژانس مسکن رویال VIP در الهیه,https://postimage01.divarcdn.com/static/photo/neda/webp_thumbnail/BySDrWb4ZKmnHzjiDZl74Q/4a675f0c-4434-49ec-ab0a-254daeb519e0.jpg.webp,https://divar.irhttps://divar.ir/v/%DB%B1%DB%B1%DB%B5%D9%85%D8%AA%D8%B1%DB%8C-%D8%AE%D8%A7%D8%B5-%D8%A8%D8%A7%D9%82%DB%8C%D9%85%D8%AA-%D9%85%D9%86%D8%B7%D9%82%DB%8C-%D9%85%DA%AF%D9%87-%D9%87%D8%B3%D8%AA-%D8%A2%D8%B1%D9%87-%D9%87%D9%86%D9%88%D8%B2-%D9%BE%DB%8C%D8%AF%D8%A7%D9%85%DB%8C%D8%B4%D9%87/Aai1mfC1,115.0,,40000000.0,0.952166434847588
۱۱۵متری خاص باقیمت منطقی مگه هست،آره هنوز پیدامیشه,4600000000,آژانس مسکن رویال VIP در الهیه,https://postimage01.divarcdn.com/static/photo/neda/webp_thumbnail/BySDrWb4ZKmnHzjiDZl74Q/4a675f0c-4434-49ec-ab0a-254daeb519e0.jpg.webp,https://divar.irhttps://divar.ir/v/%DB%B1%DB%B1%DB%B5%D9%85%D8%AA%D8%B1%DB%8C-%D8%AE%D8%A7%D8%B5-%D8%A8%D8%A7%D9%82%DB%8C%D9%85%D8%AA-%D9%85%D9%86%D8%B7%D9%82%DB%8C-%D9%85%DA%AF%D9%87-%D9%87%D8%B3%D8%AA-%D8%A2%D8%B1%D9%87-%D9%87%D9%86%D9%88%D8%B2-%D9%BE%DB%8C%D8%AF%D8%A7%D9%85%DB%8C%D8%B4%D9%87/Aai1mfC1,115.0,,40000000.0,0.952166434847588
۱۱۵متری خاص باقیمت منطقی مگه هست،آره هنوز پیدامیشه,4600000000,آژانس مسکن رویال VIP در الهیه,https://postimage01.divarcdn.com/static/photo/neda/webp_thumbnail/BySDrWb4ZKmnHzjiDZl74Q/4a675f0c-4434-49ec-ab0a-254daeb519e0.jpg.webp,https://divar.irhttps://divar.ir/v/%DB%B1%DB%B1%DB%B5%D9%85%D8%AA%D8%B1%DB%8C-%D8%AE%D8%A7%D8%B5-%D8%A8%D8%A7%D9%82%DB%8C%D9%85%D8%AA-%D9%85%D9%86%D8%B7%D9%82%DB%8C-%D9%85%DA%AF%D9%87-%D9%87%D8%B3%D8%AA-%D8%A2%D8%B1%D9%87-%D9%87%D9%86%D9%88%D8%B2-%D9%BE%DB%8C%D8%AF%D8%A7%D9%85%DB%8C%D8%B4%D9%87/Aai1mfC1,115.0,,40000000.0,0.952166434847588
